datetime,AAPL,cash,commission,total,returns,equity_curve,drawdown
2014-01-01,0.0,100000.0,0,100000.0,,,
2014-05-08,0.0,100000.0,0,100000.0,0.0,1.0,0.0
2014-05-09,0.0,100000.0,0,100000.0,0.0,1.0,0.0
2014-05-12,0.0,100000.0,0,100000.0,0.0,1.0,0.0
2014-05-13,0.0,100000.0,0,100000.0,0.0,1.0,0.0
2014-05-14,0.0,100000.0,0,100000.0,0.0,1.0,0.0
2014-05-15,0.0,100000.0,0,100000.0,0.0,1.0,0.0
2014-05-16,0.0,100000.0,0,100000.0,0.0,1.0,0.0
2014-05-19,0.0,100000.0,0,100000.0,0.0,1.0,0.0
2014-05-20,0.0,100000.0,0,100000.0,0.0,1.0,0.0
2014-05-21,0.0,100000.0,0,100000.0,0.0,1.0,0.0
2014-05-22,0.0,100000.0,0,100000.0,0.0,1.0,0.0
2014-05-23,0.0,100000.0,0,100000.0,0.0,1.0,0.0
2014-05-27,0.0,100000.0,0,100000.0,0.0,1.0,0.0
2014-05-28,0.0,100000.0,0,100000.0,0.0,1.0,0.0
2014-05-29,0.0,100000.0,0,100000.0,0.0,1.0,0.0
2014-05-30,0.0,100000.0,0,100000.0,0.0,1.0,0.0
2014-06-02,0.0,100000.0,0,100000.0,0.0,1.0,0.0
2014-06-03,0.0,100000.0,0,100000.0,0.0,1.0,0.0
2014-06-04,0.0,100000.0,0,100000.0,0.0,1.0,0.0
2014-06-05,0.0,100000.0,0,100000.0,0.0,1.0,0.0
2014-06-06,0.0,100000.0,0,100000.0,0.0,1.0,0.0
2014-06-09,0.0,100000.0,0,100000.0,0.0,1.0,0.0
2014-06-10,0.0,100000.0,0,100000.0,0.0,1.0,0.0
2014-06-11,0.0,100000.0,0,100000.0,0.0,1.0,0.0
2014-06-12,0.0,100000.0,0,100000.0,0.0,1.0,0.0
2014-06-13,0.0,100000.0,0,100000.0,0.0,1.0,0.0
2014-06-16,0.0,100000.0,0,100000.0,0.0,1.0,0.0
2014-06-17,0.0,100000.0,0,100000.0,0.0,1.0,0.0
2014-06-18,0.0,100000.0,0,100000.0,0.0,1.0,0.0
2014-06-19,0.0,100000.0,0,100000.0,0.0,1.0,0.0
2014-06-20,0.0,100000.0,0,100000.0,0.0,1.0,0.0
2014-06-23,0.0,100000.0,0,100000.0,0.0,1.0,0.0
2014-06-24,0.0,100000.0,0,100000.0,0.0,1.0,0.0
2014-06-25,0.0,100000.0,0,100000.0,0.0,1.0,0.0
2014-06-26,0.0,100000.0,0,100000.0,0.0,1.0,0.0
2014-06-27,0.0,100000.0,0,100000.0,0.0,1.0,0.0
2014-06-30,0.0,100000.0,0,100000.0,0.0,1.0,0.0
2014-07-01,0.0,100000.0,0,100000.0,0.0,1.0,0.0
2014-07-02,0.0,100000.0,0,100000.0,0.0,1.0,0.0
2014-07-03,0.0,100000.0,0,100000.0,0.0,1.0,0.0
2014-07-07,0.0,100000.0,0,100000.0,0.0,1.0,0.0
2014-07-08,0.0,100000.0,0,100000.0,0.0,1.0,0.0
2014-07-09,0.0,100000.0,0,100000.0,0.0,1.0,0.0
2014-07-10,0.0,100000.0,0,100000.0,0.0,1.0,0.0
2014-07-11,0.0,100000.0,0,100000.0,0.0,1.0,0.0
2014-07-14,0.0,100000.0,0,100000.0,0.0,1.0,0.0
2014-07-15,0.0,100000.0,0,100000.0,0.0,1.0,0.0
2014-07-16,0.0,100000.0,0,100000.0,0.0,1.0,0.0
2014-07-17,0.0,100000.0,0,100000.0,0.0,1.0,0.0
2014-07-18,0.0,100000.0,0,100000.0,0.0,1.0,0.0
2014-07-21,0.0,100000.0,0,100000.0,0.0,1.0,0.0
2014-07-22,0.0,100000.0,0,100000.0,0.0,1.0,0.0
2014-07-23,0.0,100000.0,0,100000.0,0.0,1.0,0.0
2014-07-24,0.0,100000.0,0,100000.0,0.0,1.0,0.0
2014-07-25,0.0,100000.0,0,100000.0,0.0,1.0,0.0
2014-07-28,0.0,100000.0,0,100000.0,0.0,1.0,0.0
2014-07-29,0.0,100000.0,0,100000.0,0.0,1.0,0.0
2014-07-30,0.0,100000.0,0,100000.0,0.0,1.0,0.0
2014-07-31,0.0,100000.0,0,100000.0,0.0,1.0,0.0
2014-08-01,0.0,100000.0,0,100000.0,0.0,1.0,0.0
2014-08-04,0.0,100000.0,0,100000.0,0.0,1.0,0.0
2014-08-05,0.0,100000.0,0,100000.0,0.0,1.0,0.0
2014-08-06,0.0,100000.0,0,100000.0,0.0,1.0,0.0
2014-08-07,0.0,100000.0,0,100000.0,0.0,1.0,0.0
2014-08-08,0.0,100000.0,0,100000.0,0.0,1.0,0.0
2014-08-11,0.0,100000.0,0,100000.0,0.0,1.0,0.0
2014-08-12,0.0,100000.0,0,100000.0,0.0,1.0,0.0
2014-08-13,0.0,100000.0,0,100000.0,0.0,1.0,0.0
2014-08-14,0.0,100000.0,0,100000.0,0.0,1.0,0.0
2014-08-15,0.0,100000.0,0,100000.0,0.0,1.0,0.0
2014-08-18,0.0,100000.0,0,100000.0,0.0,1.0,0.0
2014-08-19,0.0,100000.0,0,100000.0,0.0,1.0,0.0
2014-08-20,0.0,100000.0,0,100000.0,0.0,1.0,0.0
2014-08-21,0.0,100000.0,0,100000.0,0.0,1.0,0.0
2014-08-22,0.0,100000.0,0,100000.0,0.0,1.0,0.0
2014-08-25,0.0,100000.0,0,100000.0,0.0,1.0,0.0
2014-08-26,0.0,100000.0,0,100000.0,0.0,1.0,0.0
2014-08-27,0.0,100000.0,0,100000.0,0.0,1.0,0.0
2014-08-28,0.0,100000.0,0,100000.0,0.0,1.0,0.0
2014-08-29,0.0,100000.0,0,100000.0,0.0,1.0,0.0
2014-09-02,0.0,100000.0,0,100000.0,0.0,1.0,0.0
2014-09-03,0.0,100000.0,0,100000.0,0.0,1.0,0.0
2014-09-04,0.0,100000.0,0,100000.0,0.0,1.0,0.0
2014-09-05,0.0,100000.0,0,100000.0,0.0,1.0,0.0
2014-09-08,0.0,100000.0,0,100000.0,0.0,1.0,0.0
2014-09-09,0.0,100000.0,0,100000.0,0.0,1.0,0.0
2014-09-10,0.0,100000.0,0,100000.0,0.0,1.0,0.0
2014-09-11,0.0,100000.0,0,100000.0,0.0,1.0,0.0
2014-09-12,0.0,100000.0,0,100000.0,0.0,1.0,0.0
2014-09-15,0.0,100000.0,0,100000.0,0.0,1.0,0.0
2014-09-16,0.0,100000.0,0,100000.0,0.0,1.0,0.0
2014-09-17,0.0,100000.0,0,100000.0,0.0,1.0,0.0
2014-09-18,0.0,100000.0,0,100000.0,0.0,1.0,0.0
2014-09-19,0.0,100000.0,0,100000.0,0.0,1.0,0.0
2014-09-22,0.0,100000.0,0,100000.0,0.0,1.0,0.0
2014-09-23,0.0,100000.0,0,100000.0,0.0,1.0,0.0
2014-09-24,0.0,100000.0,0,100000.0,0.0,1.0,0.0
2014-09-25,0.0,100000.0,0,100000.0,0.0,1.0,0.0
2014-09-26,0.0,100000.0,0,100000.0,0.0,1.0,0.0
2014-09-29,0.0,100000.0,0,100000.0,0.0,1.0,0.0
2014-09-30,0.0,100000.0,0,100000.0,0.0,1.0,0.0
2014-10-01,9709.7413,90136.5555,0,99846.2968,-0.0015370319999999937,0.998462968,0.0015370319999999937
2014-10-02,9780.2295,90136.5555,0,99916.785,0.0007059670940146034,0.9991678500000002,0.0008321499999998094
2014-10-03,9752.8176,90136.5555,0,99889.3731,-0.0002743472981041606,0.9988937310000001,0.001106268999999882
2014-10-06,9752.8176,90136.5555,0,99889.3731,0.0,0.9988937310000001,0.001106268999999882
2014-10-07,9667.6442,90136.5555,0,99804.1997,-0.000852677290453463,0.9980419970000001,0.0019580029999999304
2014-10-08,9868.3398,90136.5555,0,100004.8953,0.002010893335183006,1.000048953,0.0
2014-10-09,9889.877299999998,90136.5555,0,100026.4328,0.00021536445726355602,1.0002643279999999,0.0
2014-10-10,9861.4869,90136.5555,0,99998.0424,-0.0002838289760542789,0.999980424,0.00028390399999989047
2014-10-13,9771.4181,90136.5555,0,99907.9736,-0.0009007056322135609,0.9990797359999999,0.0011845919999999843
2014-10-14,9667.6442,90136.5555,0,99804.1997,-0.0010386948734990575,0.9980419969999998,0.002222331000000022
2014-10-15,9549.185,90136.5555,0,99685.7405,-0.001186915985059489,0.9968574049999999,0.003406923000000006
2014-10-16,9423.8729,90136.5555,0,99560.4284,-0.0012570714665052218,0.9956042839999999,0.004660043999999974
2014-10-17,9561.9118,90136.5555,0,99698.4673,0.0013864835880919024,0.9969846729999999,0.003279654999999937
2014-10-20,9766.523599999999,90136.5555,0,99903.0791,0.002052306374824342,0.999030791,0.0012335369999998402
2014-10-21,10031.833,90136.5555,0,100168.3885,0.002655667897226932,1.001683885,0.0
2014-10-22,10082.7408,90136.5555,0,100219.2963,0.000508222212240117,1.002192963,0.0
2014-10-23,10262.8775,90136.5555,0,100399.433,0.001797425312793699,1.0039943299999998,0.0
2014-10-24,10301.0585,90136.5555,0,100437.614,0.0003802909922807629,1.0043761399999998,0.0
2014-10-27,10290.2894,90136.5555,0,100426.8449,-0.00010722178246891367,1.0042684489999998,0.00010769099999996534
2014-10-28,10449.8665,90136.5555,0,100586.422,0.00158898848369593,1.0058642199999999,0.0
2014-10-29,10508.6065,90136.5555,0,100645.162,0.0005839754395478014,1.0064516199999998,0.0
2014-10-30,10473.3631,90136.5555,0,100609.9186,-0.0003501748052230358,1.006099186,0.00035243399999984604
2014-10-31,10573.2209,90136.5555,0,100709.7764,0.0009925244090198682,1.0070977639999998,0.0
2014-11-03,10710.2814,90136.5555,0,100846.8369,0.0013609453312219966,1.0084683689999998,0.0
2014-11-04,10631.960900000002,90136.5555,0,100768.51640000001,-0.0007766282256096435,1.007685164,0.0007832049999998425
2014-11-05,10657.4152,90136.5555,0,100793.9707,0.0002526017143982262,1.007939707,0.000528661999999791
2014-11-06,10687.8957,90136.5555,0,100824.4512,0.00030240400083769714,1.008244512,0.00022385699999971642
2014-11-07,10718.3769,90136.5555,0,100854.9324,0.0003023195230642539,1.008549324,0.0
2014-11-10,10700.6784,90136.5555,0,100837.2339,-0.00017548472423545292,1.0083723390000001,0.00017698499999996287
2014-11-11,10786.2204,90136.5555,0,100922.77590000001,0.0008483175974940416,1.009227759,0.0
2014-11-12,10938.623999999998,90136.5555,0,101075.1795,0.0015101011505174178,1.010751795,0.0
2014-11-13,11092.9938,90136.5555,0,101229.5493,0.0015272770304601835,1.0122954929999999,0.0
2014-11-14,11226.715400000001,90136.5555,0,101363.2709,0.0013209739737525261,1.013632709,0.0
2014-11-17,11208.033500000001,90136.5555,0,101344.589,-0.00018430640442168578,1.0134458899999998,0.00018681900000006024
2014-11-18,11353.554399999999,90136.5555,0,101490.1099,0.0014359020193963623,1.0149010989999998,0.0
2014-11-19,11274.8943,90136.5555,0,101411.4498,-0.000775051875276267,1.0141144979999999,0.0007866009999999424
2014-11-20,11436.146799999999,90136.5555,0,101572.7023,0.0015900817937029021,1.0157270229999997,0.0
2014-11-21,11451.8791,90136.5555,0,101588.43460000001,0.00015488708721700384,1.0158843459999998,0.0
2014-11-24,11664.2601,90136.5555,0,101800.8156,0.002090602152068133,1.0180081559999996,0.0
2014-11-25,11562.985800000002,90136.5555,0,101699.54130000001,-0.0009948279824979478,1.0169954129999996,0.0010127429999999826
2014-11-26,11700.6405,90136.5555,0,101837.196,0.001353542978074218,1.0183719599999994,0.0
2014-11-28,11693.7578,90136.5555,0,101830.31330000001,-6.758532511030868e-05,1.0183031329999996,6.882699999977149e-05
2014-12-01,11314.2244,90136.5555,0,101450.7799,-0.0037271160983456397,1.0145077989999995,0.003864160999999866
2014-12-02,11270.961299999999,90136.5555,0,101407.5168,-0.0004264442327860385,1.0140751679999995,0.004296791999999883
2014-12-03,11398.783700000002,90136.5555,0,101535.3392,0.001260482497092319,1.0153533919999995,0.0030185679999998882
2014-12-04,11355.520600000002,90136.5555,0,101492.0761,-0.00042608908721697425,1.0149207609999995,0.003451198999999905
2014-12-05,11307.341699999999,90136.5555,0,101443.8972,-0.0004747060248577739,1.0144389719999996,0.00393298799999986
2014-12-08,11051.6976,90136.5555,0,101188.2531,-0.0025200540107011005,1.0118825309999995,0.0064894289999999355
2014-12-09,11220.816200000001,90136.5555,0,101357.3717,0.0016713264120971072,1.0135737169999994,0.00479824299999998
2014-12-10,11007.451000000001,90136.5555,0,101144.0065,-0.0021050782633899034,1.0114400649999995,0.00693189499999991
2014-12-11,10975.004399999998,90136.5555,0,101111.5599,-0.00032079607208368444,1.0111155989999994,0.0072563610000000445
2014-12-12,10789.170800000002,90136.5555,0,100925.72630000001,-0.0018379065675949713,1.0092572629999996,0.009114696999999783
2014-12-15,10641.683700000001,90136.5555,0,100778.23920000001,-0.001461342963850476,1.0077823919999995,0.010589567999999883
2014-12-16,10496.1628,90136.5555,0,100632.71830000001,-0.0014439714481536692,1.0063271829999996,0.01204477699999984
2014-12-17,10757.7069,90136.5555,0,100894.2624,0.002598996672437126,1.0089426239999997,0.009429335999999733
2014-12-18,11076.278700000003,90136.5555,0,101212.83420000001,0.003157481827232189,1.0121283419999996,0.00624361799999984
2014-12-19,10990.736,90136.5555,0,101127.2915,-0.0008451764114318916,1.0112729149999995,0.007099044999999915
2014-12-22,11104.793000000001,90136.5555,0,101241.34850000001,0.0011278557776859266,1.0124134849999995,0.005958474999999908
2014-12-23,11065.463000000002,90136.5555,0,101202.0185,-0.0003884776386596789,1.0120201849999995,0.0063517749999999484
2014-12-24,11013.351000000002,90136.5555,0,101149.90650000001,-0.0005149304408389455,1.0114990649999995,0.006872894999999879
2014-12-26,11208.033500000001,90136.5555,0,101344.589,0.00192469283201957,1.0134458899999996,0.004926069999999783
2014-12-29,11200.1681,90136.5555,0,101336.7236,-7.761045831478075e-05,1.0133672359999994,0.00500472399999996
2014-12-30,11063.4961,90136.5555,0,101200.0516,-0.001348691719494144,1.0120005159999996,0.006371443999999782
2014-12-31,10853.0812,90136.5555,0,100989.6367,-0.00207919755645658,1.0098963669999996,0.008475592999999781
2015-01-02,10749.8407,90136.5555,0,100886.3962,-0.0010222880621572061,1.0088639619999995,0.009507997999999906
2015-01-05,10447.0005,90136.5555,0,100583.556,-0.0030017942101890904,1.0058355599999995,0.012536399999999892
2015-01-06,10447.9839,90136.5555,0,100584.53940000001,9.776946044759427e-06,1.0058453939999996,0.012526565999999795
2015-01-07,10594.4875,90136.5555,0,100731.043,0.001456522054720466,1.0073104299999995,0.011061529999999875
2015-01-08,11001.5518,90136.5555,0,101138.1073,0.004041100815366239,1.0113810729999995,0.006990886999999946
2015-01-09,11013.351000000002,90136.5555,0,101149.90650000001,0.00011666423581568885,1.0114990649999995,0.006872894999999879
2015-01-12,10741.9746,90136.5555,0,100878.5301,-0.002682913008921206,1.0087853009999994,0.009586658999999997
2015-01-13,10837.3497,90136.5555,0,100973.90520000001,0.0009454449812607013,1.0097390519999994,0.00863290800000005
2015-01-14,10796.0535,90136.5555,0,100932.609,-0.0004089789329055904,1.0093260899999994,0.009045870000000011
2015-01-15,10503.0455,90136.5555,0,100639.601,-0.0029030063019573893,1.0063960099999993,0.011975950000000068
2015-01-16,10421.4358,90136.5555,0,100557.9913,-0.0008109104089154551,1.0055799129999994,0.012792047000000029
2015-01-20,10689.8626,90136.5555,0,100826.41810000001,0.002669373130169239,1.0082641809999995,0.010107778999999928
2015-01-21,10771.4723,90136.5555,0,100908.0278,0.0008094079065572579,1.0090802779999994,0.009291681999999968
2015-01-22,11051.6976,90136.5555,0,101188.2531,0.002777036734435079,1.0118825309999995,0.0064894289999999355
2015-01-23,11108.726100000002,90136.5555,0,101245.2816,0.0005635881463794679,1.0124528159999995,0.005919143999999932
2015-01-26,11120.5246,90136.5555,0,101257.0801,0.00011653382571075177,1.0125708009999996,0.005801158999999778
2015-01-27,10731.1588,90136.5555,0,100867.7143,-0.003845319256840729,1.0086771429999997,0.009694816999999745
2015-01-28,11337.8221,90136.5555,0,101474.3776,0.006014444802384,1.0147437759999995,0.0036281839999998677
2015-01-29,11690.808200000001,90136.5555,0,101827.3637,0.0034785736887337215,1.0182736369999994,9.832300000001126e-05
2015-01-30,11519.7234,90136.5555,0,101656.2789,-0.0016801456286744676,1.0165627889999993,0.0018091710000001093
2015-02-02,11664.2601,90136.5555,0,101800.8156,0.0014218177328935155,1.0180081559999992,0.00036380400000024515
2015-02-03,11666.226999999999,90136.5555,0,101802.7825,1.932106327839911e-05,1.0180278249999992,0.0003441350000001897
2015-02-04,11755.702099999999,90136.5555,0,101892.2576,0.0008789062322533958,1.0189225759999991,0.0
2015-02-05,11839.608,90136.5555,0,101976.1635,0.0008234766995682818,1.0197616349999992,0.0
2015-02-06,11739.9079,90136.5555,0,101876.46340000001,-0.0009776804360754898,1.0187646339999994,0.0009970009999997753
2015-02-09,11817.8911,90136.5555,0,101954.4466,0.0007654682681101921,1.0195444659999993,0.00021716899999990602
2015-02-10,12044.9299,90136.5555,0,102181.4854,0.002226865110560139,1.0218148539999994,0.0
2015-02-11,12327.2485,90136.5555,0,102463.804,0.002762913446548776,1.0246380399999993,0.0
2015-02-12,12483.2148,90136.5555,0,102619.7703,0.0015221599619705817,1.0261977029999994,0.0
2015-02-13,12544.417,90136.5555,0,102680.9725,0.0005963977489042982,1.0268097249999992,0.0
2015-02-17,12618.451599999999,90136.5555,0,102755.0071,0.000721015765603461,1.0275500709999992,0.0
2015-02-18,12706.305800000002,90136.5555,0,102842.8613,0.0008549870461738163,1.028428612999999,0.0
2015-02-19,12679.653,90136.5555,0,102816.20850000001,-0.00025916042847395904,1.028162084999999,0.0002665280000000436
2015-02-20,12783.3017,90136.5555,0,102919.8572,0.0010080968897039355,1.029198571999999,0.0
2015-02-23,13128.796299999998,90136.5555,0,103265.3518,0.0033569284820189615,1.032653517999999,0.0
2015-02-24,13046.864500000001,90136.5555,0,103183.42,-0.000793410360511726,1.031834199999999,0.0008193180000000133
2015-02-25,12713.215,90136.5555,0,102849.7705,-0.0032335572905026755,1.028497704999999,0.004155812999999897
2015-02-26,12874.1172,90136.5555,0,103010.6727,0.0015644390767015626,1.0301067269999988,0.0025467910000001037
2015-02-27,12680.6411,90136.5555,0,102817.1966,-0.0018782141202345892,1.0281719659999988,0.004481552000000111
2015-03-02,12742.829099999999,90136.5555,0,102879.3846,0.0006048404552592146,1.028793845999999,0.003859671999999925
2015-03-03,12769.481899999999,90136.5555,0,102906.0374,0.0002590684237042673,1.0290603739999988,0.0035931440000001036
2015-03-04,12688.5368,90136.5555,0,102825.0923,-0.0007865923326282331,1.028250922999999,0.004402594999999954
2015-03-05,12478.2796,90136.5555,0,102614.8351,-0.002044804388665833,1.026148350999999,0.006505167000000034
2015-03-06,12497.0345,90136.5555,0,102633.59,0.00018276986930509942,1.0263358999999987,0.006317618000000191
2015-03-09,12550.3395,90136.5555,0,102686.895,0.0005193718742568798,1.0268689499999988,0.0057845680000001565
2015-03-10,12290.7252,90136.5555,0,102427.2807,-0.0025282125825306645,1.0242728069999987,0.008380711000000263
2015-03-11,12066.6469,90136.5555,0,102203.20240000001,-0.0021876818213724114,1.0220320239999987,0.010621494000000231
2015-03-12,12284.802,90136.5555,0,102421.3575,0.002134523135059796,1.0242135749999988,0.008439943000000172
2015-03-13,12199.908899999999,90136.5555,0,102336.4644,-0.0008288613046356641,1.0233646439999986,0.009288874000000336
2015-03-16,12334.158300000001,90136.5555,0,102470.7138,0.0013118432494918508,1.0247071379999986,0.007946380000000364
2015-03-17,12540.4684,90136.5555,0,102677.0239,0.00201335671773184,1.0267702389999986,0.005883279000000297
2015-03-18,12681.6277,90136.5555,0,102818.1832,0.0013747895550368927,1.0281818319999985,0.004471686000000474
2015-03-19,12585.8762,90136.5555,0,102722.4317,-0.0009312701024267733,1.0272243169999984,0.00542920100000055
2015-03-20,12427.935900000002,90136.5555,0,102564.4914,-0.0015375444037507568,1.0256449139999984,0.0070086040000005845
2015-03-23,12557.249399999999,90136.5555,0,102693.8049,0.0012608018451110148,1.0269380489999982,0.00571546900000075
2015-03-24,12505.9191,90136.5555,0,102642.4746,-0.0004998383305593324,1.0264247459999982,0.006228772000000715
2015-03-25,12179.1793,90136.5555,0,102315.7348,-0.0031832806182168216,1.0231573479999982,0.009496170000000692
2015-03-26,12264.072400000001,90136.5555,0,102400.6279,0.0008297169557149875,1.0240062789999982,0.00864723900000075
2015-03-27,12166.347,90136.5555,0,102302.9025,-0.0009543437574957014,1.023029024999998,0.0096244930000009
2015-03-30,12474.331,90136.5555,0,102610.88650000001,0.003010510869914107,1.026108864999998,0.006544653000000844
2015-03-31,12282.828000000001,90136.5555,0,102419.3835,-0.0018663029482745008,1.024193834999998,0.008459683000000995
2015-04-01,12265.0597,90136.5555,0,102401.6152,-0.00017348571523079226,1.024016151999998,0.008637366000000979
2015-04-02,12370.6823,90136.5555,0,102507.2378,0.001031454433543022,1.025072377999998,0.007581140000000985
2015-04-06,12571.0691,90136.5555,0,102707.62460000001,0.001954855133166067,1.027076245999998,0.00557727200000091
2015-04-07,12438.794399999999,90136.5555,0,102575.3499,-0.0012878761485835,1.025753498999998,0.006900019000001034
2015-04-08,12398.3218,90136.5555,0,102534.87730000001,-0.00039456458144626616,1.025348772999998,0.007304745000001001
2015-04-09,12493.085900000002,90136.5555,0,102629.64140000001,0.0009242133261908592,1.026296413999998,0.0063571040000010015
2015-04-10,12546.390900000002,90136.5555,0,102682.9464,0.000519391856707685,1.0268294639999977,0.005824054000001189
2015-04-13,12521.7127,90136.5555,0,102658.2682,-0.00024033396844558297,1.0265826819999977,0.006070836000001245
2015-04-14,12467.4212,90136.5555,0,102603.9767,-0.0005288565738731377,1.0260397669999977,0.006613751000001278
2015-04-15,12514.8029,90136.5555,0,102651.3584,0.0004617920428029443,1.0265135839999977,0.006139934000001235
2015-04-16,12454.588000000002,90136.5555,0,102591.1435,-0.0005865962315408924,1.0259114349999978,0.00674208300000112
2015-04-17,12314.4161,90136.5555,0,102450.9716,-0.001366315797035611,1.0245097159999978,0.008143802000001088
2015-04-20,12595.747299999999,90136.5555,0,102732.3028,0.0027460081208248166,1.0273230279999979,0.005330490000001076
2015-04-21,12527.636,90136.5555,0,102664.1915,-0.0006629978900852818,1.026641914999998,0.006011603000001031
2015-04-22,12696.434,90136.5555,0,102832.9895,0.0016441760026912888,1.028329894999998,0.004323623000000998
2015-04-23,12800.0827,90136.5555,0,102936.6382,0.0010079323814660146,1.029366381999998,0.0032871360000008565
2015-04-24,12860.297499999999,90136.5555,0,102996.853,0.000584969560430082,1.029968529999998,0.002684988000000832
2015-04-27,13094.246200000001,90136.5555,0,103230.80170000001,0.002271416001419002,1.032308016999998,0.0003455010000008585
2015-04-28,12887.937,90136.5555,0,103024.49250000001,-0.0019985236635046144,1.030244924999998,0.002408593000000847
2015-04-29,12698.4086,90136.5555,0,102834.9641,-0.0018396441021052423,1.028349640999998,0.004303877000001011
2015-04-30,12353.901299999998,90136.5555,0,102490.4568,-0.003350098898901588,1.024904567999998,0.007748950000000976
2015-05-01,12729.009399999999,90136.5555,0,102865.5649,0.003659931975247055,1.0286556489999978,0.0039978690000010975
2015-05-04,12704.3312,90136.5555,0,102840.8867,-0.0002399073006014163,1.0284088669999978,0.004244651000001154
2015-05-05,12418.0648,90136.5555,0,102554.62030000001,-0.002783585490030549,1.0255462029999978,0.007107315000001169
2015-05-06,12340.0816,90136.5555,0,102476.6371,-0.0007604065011589389,1.0247663709999977,0.00788714700000126
2015-05-07,12416.4086,90136.5555,0,102552.9641,0.0007448234266851372,1.0255296409999977,0.0071238770000012774
2015-05-08,12650.343899999998,90136.5555,0,102786.8994,0.0022811169043528423,1.0278689939999976,0.004784524000001289
2015-05-11,12521.481000000002,90136.5555,0,102658.0365,-0.0012536899230564114,1.0265803649999978,0.006073153000001108
2015-05-12,12476.875,90136.5555,0,102613.4305,-0.00043451055095911073,1.0261343049999978,0.006519213000001134
2015-05-13,12490.7525,90136.5555,0,102627.308,0.00013524058139746664,1.026273079999998,0.0063804380000009875
2015-05-14,12782.1797,90136.5555,0,102918.7352,0.0028396652477720163,1.029187351999998,0.0034661660000010475
2015-05-15,12764.3379,90136.5555,0,102900.8934,-0.00017335813508900788,1.029008933999998,0.0036445840000010055
2015-05-18,12905.095399999998,90136.5555,0,103041.65090000001,0.0013678938573724597,1.030416508999998,0.002237009000001011
2015-05-19,12893.200799999999,90136.5555,0,103029.75630000001,-0.00011543487411258546,1.030297562999998,0.0023559550000009644
2015-05-20,12892.2086,90136.5555,0,103028.7641,-9.630227573498296e-06,1.030287640999998,0.0023658770000010154
2015-05-21,13024.0452,90136.5555,0,103160.60070000001,0.0012796096425271575,1.0316060069999982,0.0010475110000007781
2015-05-22,13138.038400000001,90136.5555,0,103274.5939,0.0011050071367022518,1.032745938999998,0.0
2015-05-26,12848.593300000002,90136.5555,0,102985.14880000001,-0.0028026747825342646,1.029851487999998,0.0028944509999999646
2015-05-27,13088.4759,90136.5555,0,103225.0314,0.0023292931339629064,1.032250313999998,0.0004956250000001106
2015-05-28,13062.7039,90136.5555,0,103199.25940000001,-0.0002496681245862664,1.0319925939999979,0.0007533450000001274
2015-05-29,12914.0162,90136.5555,0,103050.5717,-0.00144078262639169,1.0305057169999978,0.0022402220000001805
2015-06-01,12939.7882,90136.5555,0,103076.3437,0.00025009080080629076,1.0307634369999978,0.0019825020000001636
2015-06-02,12882.297,90136.5555,0,103018.85250000001,-0.0005577535827940849,1.030188524999998,0.00255741399999998
2015-06-03,12898.1559,90136.5555,0,103034.7114,0.00015394172634564107,1.030347113999998,0.0023988249999999933
2015-06-04,12822.821299999998,90136.5555,0,102959.3768,-0.000731157480584721,1.029593767999998,0.0031521709999999814
2015-06-05,12752.4419,90136.5555,0,102888.99740000001,-0.0006835647435657899,1.0288899739999982,0.00385596499999985
2015-06-08,12668.186499999998,90136.5555,0,102804.742,-0.000818896112598444,1.028047419999998,0.004698518999999957
2015-06-09,12630.5184,90136.5555,0,102767.0739,-0.00036640430457957063,1.0276707389999982,0.005075199999999835
2015-06-10,12775.241699999999,90136.5555,0,102911.7972,0.0014082652595599487,1.029117971999998,0.0036279669999998987
2015-06-11,12746.4946,90136.5555,0,102883.05010000001,-0.00027933726532947123,1.0288305009999983,0.003915437999999716
2015-06-12,12605.7372,90136.5555,0,102742.2927,-0.001368130123117317,1.0274229269999984,0.005323011999999627
2015-06-15,12580.9559,90136.5555,0,102717.5114,-0.0002411986276417144,1.0271751139999983,0.005570824999999724
2015-06-16,12648.361,90136.5555,0,102784.9165,0.000656218195722369,1.0278491649999983,0.0048967739999996596
2015-06-17,12618.623899999999,90136.5555,0,102755.1794,-0.0002893138508315296,1.0275517939999983,0.005194144999999706
2015-06-18,12676.1159,90136.5555,0,102812.6714,0.0005595046433251039,1.0281267139999983,0.0046192249999996715
2015-06-19,12549.235900000001,90136.5555,0,102685.7914,-0.0012340891280450128,1.0268579139999983,0.005888024999999741
2015-06-22,12649.3524,90136.5555,0,102785.9079,0.0009749790953064164,1.0278590789999982,0.004886859999999826
2015-06-23,12591.859699999999,90136.5555,0,102728.4152,-0.0005593441861304616,1.027284151999998,0.005461786999999996
2015-06-24,12698.914999999999,90136.5555,0,102835.4705,0.0010421196490919549,1.028354704999998,0.004391234000000077
2015-06-25,12638.448600000002,90136.5555,0,102775.0041,-0.0005879916696641674,1.027750040999998,0.004995897999999999
2015-06-26,12564.1048,90136.5555,0,102700.6603,-0.0007233646026193474,1.027006602999998,0.005739335999999984
2015-06-29,12344.046999999999,90136.5555,0,102480.60250000001,-0.002142710663759928,1.024806024999998,0.007939914000000048
2015-06-30,12433.259699999999,90136.5555,0,102569.8152,0.0008705325478544079,1.0256981519999977,0.007047787000000305
2015-07-01,12549.235900000001,90136.5555,0,102685.7914,0.0011307049717683704,1.0268579139999978,0.0058880250000001855
2015-07-02,12533.3763,90136.5555,0,102669.9318,-0.00015444785285056994,1.026699317999998,0.006046621000000085
2015-07-06,12489.761000000002,90136.5555,0,102626.3165,-0.00042481084028545,1.0262631649999978,0.006482774000000191
2015-07-07,12459.032500000001,90136.5555,0,102595.588,-0.00029942125029891464,1.0259558799999977,0.0067900590000002925
2015-07-08,12149.7619,90136.5555,0,102286.3174,-0.0030144629611168483,1.0228631739999976,0.009882765000000404
2015-07-09,11901.9492,90136.5555,0,102038.5047,-0.0024227355749929513,1.0203850469999975,0.012360892000000456
2015-07-10,12220.1406,90136.5555,0,102356.6961,0.003118346362831259,1.0235669609999973,0.00917897800000067
2015-07-13,12456.058799999999,90136.5555,0,102592.6143,0.0023048633747373426,1.0259261429999975,0.006819796000000489
2015-07-14,12451.102299999999,90136.5555,0,102587.6578,-4.831244465131057e-05,1.0258765779999974,0.006869361000000573
2015-07-15,12571.0435,90136.5555,0,102707.599,0.001169158186980379,1.0270759899999975,0.005669949000000507
2015-07-16,12738.5644,90136.5555,0,102875.1199,0.0016310467933342565,1.0287511989999976,0.003994740000000441
2015-07-17,12848.593300000002,90136.5555,0,102985.14880000001,0.0010695384861467705,1.0298514879999976,0.0028944510000004087
2015-07-20,13091.451000000001,90136.5555,0,103228.0065,0.002358181765330425,1.0322800649999977,0.0004658740000003103
2015-07-21,12960.6052,90136.5555,0,103097.16070000001,-0.001267541672423933,1.0309716069999977,0.0017743320000003227
2015-07-22,12412.443500000001,90136.5555,0,102548.99900000001,-0.0053169427390448165,1.0254899899999976,0.007255949000000372
2015-07-23,12406.496299999999,90136.5555,0,102543.0518,-5.799374014381353e-05,1.0254305179999974,0.007315421000000599
2015-07-24,12341.073400000001,90136.5555,0,102477.62890000001,-0.0006380042221445503,1.0247762889999976,0.007969650000000383
2015-07-27,12169.586599999999,90136.5555,0,102306.1421,-0.0016734071800914574,1.0230614209999975,0.009684518000000475
2015-07-28,12230.053000000002,90136.5555,0,102366.6085,0.0005910339179919788,1.0236660849999977,0.009079854000000331
2015-07-29,12191.394299999998,90136.5555,0,102327.9498,-0.00037764951448981954,1.0232794979999977,0.00946644100000027
2015-07-30,12129.937199999998,90136.5555,0,102266.4927,-0.0006005895761629354,1.0226649269999977,0.010081012000000333
2015-07-31,12023.8734,90136.5555,0,102160.4289,-0.0010371314904789042,1.0216042889999977,0.011141650000000336
2015-08-03,11740.3756,90136.5555,0,101876.9311,-0.002775025546119192,1.0187693109999978,0.013976628000000213
2015-08-04,11363.6999,90136.5555,0,101500.2554,-0.0036973600984335775,1.0150025539999978,0.017743385000000167
2015-08-05,11439.0352,90136.5555,0,101575.5907,0.0007422178368232668,1.0157559069999977,0.016990032000000266
2015-08-06,11463.9282,90136.5555,0,101600.4837,0.0002450687200383772,1.0160048369999977,0.01674110200000034
2015-08-07,11502.7619,90136.5555,0,101639.3174,0.0003822196370115716,1.0163931739999978,0.016352765000000158
2015-08-10,11920.9722,90136.5555,0,102057.5277,0.004114650813269005,1.020575276999998,0.012170661999999943
2015-08-11,11300.6273,90136.5555,0,101437.18280000001,-0.006078384554087046,1.0143718279999983,0.01837411099999975
2015-08-12,11474.8814,90136.5555,0,101611.4369,0.0017178523219001374,1.016114368999998,0.01663156999999993
2015-08-13,11465.9201,90136.5555,0,101602.4756,-8.819184408159764e-05,1.0160247559999982,0.016721182999999806
2015-08-14,11546.5746,90136.5555,0,101683.13010000001,0.0007938241615050856,1.0168313009999983,0.015914637999999703
2015-08-17,11666.063600000001,90136.5555,0,101802.61910000001,0.0011751113472067143,1.0180261909999984,0.014719747999999644
2015-08-18,11600.3446,90136.5555,0,101736.9001,-0.0006455531358722233,1.0173690009999983,0.015376937999999729
2015-08-19,11451.9799,90136.5555,0,101588.53540000001,-0.001458317482193383,1.0158853539999984,0.01686058499999965
2015-08-20,11216.985700000001,90136.5555,0,101353.5412,-0.0023131960616886715,1.0135354119999984,0.01921052699999959
2015-08-21,10530.9225,90136.5555,0,100667.478,-0.006769010651992979,1.0066747799999984,0.026071158999999566
2015-08-24,10268.0478,90136.5555,0,100404.6033,-0.0026113170332925373,1.0040460329999985,0.028699905999999498
2015-08-25,10329.783000000001,90136.5555,0,100466.3385,0.0006148642389984804,1.0046633849999984,0.028082553999999593
2015-08-26,10922.2474,90136.5555,0,101058.80290000001,0.005897143350158229,1.0105880289999987,0.022157909999999337
2015-08-27,11243.8703,90136.5555,0,101380.4258,0.003182532256178039,1.0138042579999986,0.018941680999999377
2015-08-28,11280.7129,90136.5555,0,101417.2684,0.0003634094028435175,1.0141726839999987,0.01857325499999929
2015-08-31,11227.9389,90136.5555,0,101364.4944,-0.000520365030853065,1.0136449439999988,0.019100994999999177
2015-09-01,10726.087,90136.5555,0,100862.6425,-0.004950963381907814,1.0086264249999988,0.02411951399999923
2015-09-02,11186.1173,90136.5555,0,101322.6728,0.004560958235850343,1.013226727999999,0.019519210999999093
2015-09-03,10989.9576,90136.5555,0,101126.5131,-0.0019359901844200333,1.011265130999999,0.021480807999999074
2015-09-04,10880.4259,90136.5555,0,101016.9814,-0.0010831155613135746,1.010169813999999,0.022576124999998948
2015-09-08,11183.130200000001,90136.5555,0,101319.6857,0.002996568456162585,1.0131968569999992,0.01954908199999883
2015-09-09,10968.0513,90136.5555,0,101104.60680000001,-0.002122775041336289,1.0110460679999993,0.021699870999998705
2015-09-10,11209.0196,90136.5555,0,101345.5751,0.0023833562844139955,1.013455750999999,0.01929018799999893
2015-09-11,11372.320500000002,90136.5555,0,101508.876,0.0016113273799953642,1.0150887599999991,0.017657178999998857
2015-09-14,11481.851499999999,90136.5555,0,101618.407,0.0010790287935018572,1.0161840699999993,0.016561868999998675
2015-09-15,11578.4382,90136.5555,0,101714.9937,0.0009504842956256088,1.0171499369999992,0.015596001999998776
2015-09-16,11591.383300000001,90136.5555,0,101727.9388,0.00012726835571741368,1.0172793879999993,0.015466550999998718
2015-09-17,11343.444099999999,90136.5555,0,101479.9996,-0.002437277339192523,1.0147999959999991,0.017945942999998854
2015-09-18,11296.6443,90136.5555,0,101433.1998,-0.0004611726466738908,1.0143319979999992,0.018413940999998824
2015-09-21,11471.8943,90136.5555,0,101608.4498,0.001727738061557238,1.0160844979999992,0.016661440999998778
2015-09-22,11291.666000000001,90136.5555,0,101428.2215,-0.0017737530722568007,1.0142822149999993,0.018463723999998738
2015-09-23,11383.273700000002,90136.5555,0,101519.82920000001,0.0009031776230050692,1.0151982919999993,0.017547646999998667
2015-09-24,11450.9839,90136.5555,0,101587.53940000001,0.0006669652671165149,1.0158753939999994,0.016870544999998627
2015-09-25,11422.1074,90136.5555,0,101558.6629,-0.0002842523814491349,1.0155866289999993,0.017159309999998706
2015-09-28,11196.0753,90136.5555,0,101332.6308,-0.002225630916611765,1.0133263079999995,0.01941963099999855
2015-09-29,10859.515500000001,90136.5555,0,100996.071,-0.0033213368422682077,1.0099607099999994,0.022785228999998575
2015-09-30,10982.9875,90136.5555,0,101119.543,0.0012225426076228896,1.0111954299999995,0.021550508999998552
2015-10-01,10911.294199999998,90136.5555,0,101047.8497,-0.000708995490614539,1.0104784969999994,0.02226744199999864
2015-10-02,10990.952800000001,90136.5555,0,101127.5083,0.0007883255332645778,1.0112750829999992,0.02147085599999876
2015-10-05,11030.7825,90136.5555,0,101167.338,0.0003938562382239663,1.0116733799999993,0.021072558999998714
2015-10-06,11083.5564,90136.5555,0,101220.1119,0.0005216495861539716,1.0122011189999993,0.020544819999998687
2015-10-07,11030.7825,90136.5555,0,101167.338,-0.0005213776097395817,1.0116733799999993,0.021072558999998714
2015-10-08,10903.3282,90136.5555,0,101039.8837,-0.001259836450376861,1.0103988369999994,0.022347101999998564
2015-10-09,11164.2117,90136.5555,0,101300.7672,0.002581985355155414,1.0130076719999994,0.019738266999998588
2015-10-12,11112.4329,90136.5555,0,101248.9884,-0.0005111392680547944,1.0124898839999994,0.020256054999998607
2015-10-13,11131.3522,90136.5555,0,101267.9077,0.0001868591508811246,1.0126790769999994,0.02006686199999863
2015-10-14,10974.0254,90136.5555,0,101110.5809,-0.0015535701642623856,1.0111058089999994,0.021640129999998647
2015-10-15,11138.3223,90136.5555,0,101274.8778,0.0016249229164502221,1.0127487779999993,0.01999716099999871
2015-10-16,11056.6719,90136.5555,0,101193.2274,-0.0008062256086968089,1.0119322739999992,0.020813664999998815
2015-10-19,11125.378,90136.5555,0,101261.9335,0.0006789594695741918,1.0126193349999992,0.02012660399999877
2015-10-20,11328.5078,90136.5555,0,101465.06330000001,0.002005983818193835,1.0146506329999994,0.018095305999998645
2015-10-21,11327.5126,90136.5555,0,101464.0681,-9.808302164682203e-06,1.0146406809999993,0.018105257999998736
2015-10-22,11500.7708,90136.5555,0,101637.3263,0.0017075818390135389,1.0163732629999993,0.016372675999998698
2015-10-23,11857.2451,90136.5555,0,101993.8006,0.0035073167799377636,1.0199380059999994,0.012807932999998606
2015-10-26,11478.864399999999,90136.5555,0,101615.41990000001,-0.0037098401841493267,1.0161541989999994,0.016591739999998634
2015-10-27,11406.176000000001,90136.5555,0,101542.73150000001,-0.0007153284419976202,1.0154273149999993,0.017318623999998728
2015-10-28,11876.163600000002,90136.5555,0,102012.7191,0.004628471118092614,1.0201271909999992,0.012618747999998847
2015-10-29,12001.6268,90136.5555,0,102138.1823,0.0012298780103783269,1.0213818229999991,0.01136411599999887
2015-10-30,11899.065900000001,90136.5555,0,102035.6214,-0.0010041386843829825,1.0203562139999993,0.012389724999998686
2015-11-02,12066.349900000001,90136.5555,0,102202.9054,0.0016394666657069124,1.0220290539999992,0.010716884999998788
2015-11-03,12204.7573,90136.5555,0,102341.3128,0.0013542413442975132,1.0234131279999994,0.009332810999998609
2015-11-04,12148.0003,90136.5555,0,102284.5558,-0.0005545854205614154,1.0228455579999995,0.00990038099999846
2015-11-05,12091.9998,90136.5555,0,102228.5553,-0.0005474971227278358,1.0222855529999997,0.010460385999998323
2015-11-06,12105.9998,90136.5555,0,102242.5553,0.0001369480372575005,1.0224255529999997,0.010320385999998294
2015-11-09,12057.0,90136.5555,0,102193.5555,-0.0004792505415796011,1.0219355549999996,0.010810383999998452
2015-11-10,11676.9997,90136.5555,0,101813.5552,-0.003718437020228782,1.0181355519999995,0.014610386999998504
2015-11-11,11611.0001,90136.5555,0,101747.5556,-0.0006482398131599787,1.0174755559999995,0.0152703829999985
2015-11-12,11572.0001,90136.5555,0,101708.5556,-0.0003833015915716276,1.0170855559999994,0.015660382999998612
2015-11-13,11233.9996,90136.5555,0,101370.5551,-0.003323225838830157,1.0137055509999993,0.019040387999998742
2015-11-16,11418.0,90136.5555,0,101554.5555,0.0018151266885979567,1.0155455549999992,0.017200383999998792
2015-11-17,11369.0002,90136.5555,0,101505.5557,-0.00048249731150662445,1.0150555569999993,0.017690381999998728
2015-11-18,11729.000100000001,90136.5555,0,101865.5556,0.0035466029176174363,1.0186555559999992,0.014090382999998763
2015-11-19,11877.9999,90136.5555,0,102014.5554,0.0014627103256086293,1.020145553999999,0.012600384999998937
2015-11-20,11930.0003,90136.5555,0,102066.5558,0.000509735103938036,1.0206655579999993,0.012080380999998752
2015-11-23,11775.0,90136.5555,0,101911.5555,-0.001518619872935889,1.0191155549999993,0.013630383999998719
2015-11-24,11887.9997,90136.5555,0,102024.5552,0.0011088016412428292,1.0202455519999993,0.01250038699999867
2015-11-25,11802.9999,90136.5555,0,101939.5554,-0.0008331308069255972,1.0193955539999993,0.013350384999998743
2015-11-27,11780.9998,90136.5555,0,101917.5553,-0.00021581514568769222,1.0191755529999993,0.013570385999998713
2015-11-30,11830.0003,90136.5555,0,101966.5558,0.00048078566892395536,1.0196655579999994,0.013080380999998642
2015-12-01,11733.9996,90136.5555,0,101870.5551,-0.0009414920338027821,1.0187055509999994,0.014040387999998627
2015-12-02,11627.9999,90136.5555,0,101764.5554,-0.001040533252184117,1.0176455539999993,0.015100384999998662
2015-12-03,11519.9997,90136.5555,0,101656.5552,-0.001061275210956114,1.0165655519999994,0.016180386999998575
2015-12-04,11902.9999,90136.5555,0,102039.5554,0.0037675897953306503,1.0203955539999994,0.012350384999998631
2015-12-07,11827.9999,90136.5555,0,101964.5554,-0.0007350090825660738,1.0196455539999993,0.01310038499999866
2015-12-08,11823.0003,90136.5555,0,101959.5558,-4.903272495415667e-05,1.0195955579999993,0.013150380999998657
2015-12-09,11562.0003,90136.5555,0,101698.5558,-0.0025598385355067865,1.0169855579999993,0.015760380999998658
2015-12-10,11616.9998,90136.5555,0,101753.5553,0.0005408090564056334,1.0175355529999994,0.015210385999998577
2015-12-11,11318.0,90136.5555,0,101454.5555,-0.0029384702983444866,1.0145455549999993,0.01820038399999868
2015-12-14,11248.0003,90136.5555,0,101384.5558,-0.0006899611324008292,1.0138455579999992,0.0189003809999988
2015-12-15,11048.9998,90136.5555,0,101185.5553,-0.0019628285435561166,1.0118555529999993,0.020890385999998706
2015-12-16,11133.9996,90136.5555,0,101270.5551,0.0008400388745999354,1.0127055509999991,0.020040387999998854
2015-12-17,10898.0003,90136.5555,0,101034.5558,-0.0023303841848892892,1.0103455579999991,0.02240038099999886
2015-12-18,10602.9999,90136.5555,0,100739.5554,-0.0029197970700635123,1.007395553999999,0.025350384999998976
2015-12-21,10733.0002,90136.5555,0,100869.5557,0.001290459338278982,1.0086955569999991,0.02405038199999887
2015-12-22,10723.0003,90136.5555,0,100859.5558,-9.91369490090932e-05,1.0085955579999992,0.024150380999998777
2015-12-23,10861.0001,90136.5555,0,100997.5556,0.0013682372374677065,1.0099755559999994,0.022770382999998562
2015-12-24,10802.9999,90136.5555,0,100939.5554,-0.0005742733044917792,1.0093955539999995,0.02335038499999853
2015-12-28,10682.0,90136.5555,0,100818.5555,-0.0011987362092145126,1.0081855549999996,0.02456038399999838
2015-12-29,10873.9998,90136.5555,0,101010.5553,0.0019044093525026895,1.0101055529999998,0.02264038599999818
2015-12-30,10732.0,90136.5555,0,100868.5555,-0.0014057916974941076,1.0086855549999998,0.024060383999998214
2015-12-31,10526.0002,90136.5555,0,100662.5557,-0.0020422598398368574,1.0066255569999998,0.02612038199999822
2016-01-04,10534.9998,90136.5555,0,100671.5553,8.940365101439696e-05,1.006715553,0.026030385999997963
2016-01-05,10270.999899999999,90136.5555,0,100407.5554,-0.00262238821296934,1.004075554,0.028670384999998078
2016-01-06,10069.9997,90136.5555,0,100206.5552,-0.00200184337920839,1.0020655520000001,0.030680386999997866
2016-01-07,9644.9997,90136.5555,0,99781.5552,-0.0042412394992698,0.9978155520000002,0.03493038699999784
2016-01-08,9695.999899999999,90136.5555,0,99832.5554,0.0005111185118107375,0.998325554,0.034420384999998
2016-01-11,9852.9999,90136.5555,0,99989.5554,0.0015726332895211748,0.9998955540000001,0.03285038499999793
2016-01-12,9995.999899999999,90136.5555,0,100132.5554,0.001430149373381484,1.0013255540000001,0.031420384999997886
2016-01-13,9738.9999,90136.5555,0,99875.5554,-0.0025665978359721286,0.9987555540000002,0.03399038499999785
2016-01-14,9951.9997,90136.5555,0,100088.5552,0.002132651970213839,1.0008855520000002,0.031860386999997825
2016-01-15,0.0,100088.5552,0,100088.5552,0.0,1.0008855520000002,0.031860386999997825
